{"cameraMode":{"drawMode":0,"name":"Shaded","section":"Shading Mode"},"sceneLighting":true,"audioPlay":false,"sceneViewState":{"m_AlwaysRefresh":false,"showFog":true,"showSkybox":true,"showFlares":true,"showImageEffects":true,"showParticleSystems":true,"showVisualEffectGraphs":true,"m_FxEnabled":true},"in2DMode":false,"pivot":{"x":430.6783142089844,"y":224.6470184326172,"z":-25.494543075561525},"rotation":{"x":-0.013789349235594273,"y":-0.053372398018836978,"z":0.0007371247629635036,"w":-0.9984803795814514},"size":234.32302856445313,"orthographic":false}